month,day,year,site,plot,code,genus_species,genus,species,cover
6,15,2021,Almont,SS1,WYEAMP,Wyethia amplexicaulis,Wyethia,amplexicaulis,20
6,15,2021,Almont,SS1,DELNUT,Delphinium nuttallianum,Delphinium,nuttallianum,1
6,15,2021,Almont,SS1,ROSWOO,Rosa woodsii,Rosa,woodsii,6
6,15,2021,Almont,SS1,TAROFF,Taraxacum officinale,Taraxacum,officinale,5
6,15,2021,Almont,SS1,GEUTRI,Geum triflorum,Geum,triflorum,8
6,15,2021,Almont,SS1,POASPP,Poa spp.,Poa,spp.,25
6,15,2021,Almont,SS1,SENCRA,Senecio crassulus,Senecio,crassulus,2
6,15,2021,Almont,SS1,LATLEU,Lathyrus leucanthus,Lathyrus,leucanthus,1
6,15,2021,Almont,SS1,ACHMIL,Achillea millefolium,Achillea,millefolium,5
6,15,2021,Almont,SS1,BARE,bareground bareground,bareground,bareground,15
6,15,2021,Almont,SS2,WYEAMP,Wyethia amplexicaulis,Wyethia,amplexicaulis,30
6,15,2021,Almont,SS2,ACHMIL,Achillea millefolium,Achillea,millefolium,2
6,15,2021,Almont,SS2,ARTTRI,Artemisia tridentata,Artemisia,tridentata,5
6,15,2021,Almont,SS2,LATLEU,Lathyrus leucanthus,Lathyrus,leucanthus,1
6,15,2021,Almont,SS2,GERVIS,Geranium viscosissimum,Geranium,viscosissimum,5
6,15,2021,Almont,SS2,POASPP,Poa spp.,Poa,spp.,11
6,15,2021,Almont,SS2,BARE,bareground bareground,bareground,bareground,20
6,15,2021,Almont,SS2,CHRVIS,Chrysothamnus viscidiflorus,Chrysothamnus,viscidiflorus,12
6,15,2021,Almont,SS2,FESTHU,Festuca thurberi,Festuca,thurberi,11
6,15,2021,Almont,SS3,WYEAMP,Wyethia amplexicaulis,Wyethia,amplexicaulis,25
6,15,2021,Almont,SS3,GERVIS,Geranium viscosissimum,Geranium,viscosissimum,20
6,15,2021,Almont,SS3,POASPP,Poa spp.,Poa,spp.,25
6,15,2021,Almont,SS3,ARTTRI,Artemisia tridentata,Artemisia,tridentata,20
6,15,2021,Almont,SS3,BARE,bareground bareground,bareground,bareground,8
6,15,2021,Almont,SS3,ACHMIL,Achillea millefolium,Achillea,millefolium,1
6,15,2021,Almont,SS3,LATLEU,Lathyrus leucanthus,Lathyrus,leucanthus,3
6,15,2021,Almont,SS3,HELQUI,Helianthella quinquenervis,Helianthella,quinquenervis,6
6,15,2021,Almont,SS3,ADELEW,Adenolinum lewisii,Adenolinum,lewisii,2
6,15,2021,Almont,SS3,ADELEW,Adenolinum lewisii,Adenolinum,lewisii,1
6,15,2021,Almont,SS4,WYEAMP,Wyethia amplexicaulis,Wyethia,amplexicaulis,10
6,15,2021,Almont,SS4,ARTTRI,Artemisia tridentata,Artemisia,tridentata,20
6,15,2021,Almont,SS4,GERVIS,Geranium viscosissimum,Geranium,viscosissimum,15
6,15,2021,Almont,SS4,POASPP,Poa spp.,Poa,spp.,20
6,15,2021,Almont,SS4,LATLEU,Lathyrus leucanthus,Lathyrus,leucanthus,2
6,15,2021,Almont,SS4,ADELEW,Adenolinum lewisii,Adenolinum,lewisii,1
6,15,2021,Almont,SS4,ERIUMB,Eriogonum umbellatum,Eriogonum,umbellatum,10
6,15,2021,Almont,SS4,IRIMIS,Iris missouriensis,Iris,missouriensis,5
6,15,2021,Almont,SS4,BARE,bareground bareground,bareground,bareground,5
6,15,2021,Almont,SS5,WYEAMP,Wyethia amplexicaulis,Wyethia,amplexicaulis,50
6,15,2021,Almont,SS5,LATLEU,Lathyrus leucanthus,Lathyrus,leucanthus,1
6,15,2021,Almont,SS5,POASPP,Poa spp.,Poa,spp.,10
6,15,2021,Almont,SS5,ADELEW,Adenolinum lewisii,Adenolinum,lewisii,3
6,15,2021,Almont,SS5,ERIUMB,Eriogonum umbellatum,Eriogonum,umbellatum,1
6,15,2021,Almont,SS5,ARTTRI,Artemisia tridentata,Artemisia,tridentata,4
6,15,2021,Almont,SS5,CHRVIS,Chrysothamnus viscidiflorus,Chrysothamnus,viscidiflorus,2
6,15,2021,Almont,SS5,ERIFLA,Erigeron flagellaris,Erigeron,flagellaris,1
6,15,2021,Almont,SS5,ACHMIL,Achillea millefolium,Achillea,millefolium,4
6,15,2021,Almont,SS5,ADELEW,Adenolinum lewisii,Adenolinum,lewisii,2
6,15,2021,Almont,SS5,GERVIS,Geranium viscosissimum,Geranium,viscosissimum,1
6,16,2021,Gothic,SS1,VERCAL,Veratrum californicum,Veratrum,californicum,25
6,16,2021,Gothic,SS1,DELBAR,Delphinium barbeyi,Delphinium,barbeyi,25
6,16,2021,Gothic,SS1,TAROFF,Taraxacum officinale,Taraxacum,officinale,5
6,16,2021,Gothic,SS1,ELYSPP,Elymus spp.,Elymus,spp.,20
6,16,2021,Gothic,SS1,HERSPH,Heracleum sphondylium,Heracleum,sphondylium,15
6,16,2021,Gothic,SS1,MERCIL,Mertensia ciliata,Mertensia,ciliata,5
6,16,2021,Gothic,SS1,VALSPP,Valeriana spp,Valeriana,spp,10
6,16,2021,Gothic,SS1,THAFEN,Thalictrum fendleri,Thalictrum,fendleri,7
6,16,2021,Gothic,SS2,VERCAL,Veratrum californicum,Veratrum,californicum,50
6,16,2021,Gothic,SS2,DELBAR,Delphinium barbeyi,Delphinium,barbeyi,15
6,16,2021,Gothic,SS2,HERSPH,Heracleum sphondylium,Heracleum,sphondylium,10
6,16,2021,Gothic,SS2,ELYSPP,Elymus spp.,Elymus,spp.,18
6,16,2021,Gothic,SS2,THAFEN,Thalictrum fendleri,Thalictrum,fendleri,10
6,16,2021,Gothic,SS3,VERCAL,Veratrum californicum,Veratrum,californicum,50
6,16,2021,Gothic,SS3,DELBAR,Delphinium barbeyi,Delphinium,barbeyi,40
6,16,2021,Gothic,SS3,HERSPH,Heracleum sphondylium,Heracleum,sphondylium,10
6,16,2021,Gothic,SS3,MERCIL,Mertensia ciliata,Mertensia,ciliata,10
6,16,2021,Gothic,SS3,VALSPP,Valeriana spp,Valeriana,spp,10
6,16,2021,Gothic,SS3,TAROFF,Taraxacum officinale,Taraxacum,officinale,7
6,16,2021,Gothic,SS4,VERCAL,Veratrum californicum,Veratrum,californicum,45
6,16,2021,Gothic,SS4,DELBAR,Delphinium barbeyi,Delphinium,barbeyi,30
6,16,2021,Gothic,SS4,HERSPH,Heracleum sphondylium,Heracleum,sphondylium,18
6,16,2021,Gothic,SS4,THAFEN,Thalictrum fendleri,Thalictrum,fendleri,18
6,16,2021,Gothic,SS4,TAROFF,Taraxacum officinale,Taraxacum,officinale,2
6,16,2021,Gothic,SS4,ELYSPP,Elymus spp.,Elymus,spp.,10
6,16,2021,Gothic,SS4,POTGRA,Potentilla gracilis,Potentilla,gracilis,3
6,16,2021,Gothic,SS5,VERCAL,Veratrum californicum,Veratrum,californicum,40
6,16,2021,Gothic,SS5,DELBAR,Delphinium barbeyi,Delphinium,barbeyi,25
6,16,2021,Gothic,SS5,HERSPH,Heracleum sphondylium,Heracleum,sphondylium,5
6,16,2021,Gothic,SS5,ELYSPP,Elymus spp.,Elymus,spp.,15
6,16,2021,Gothic,SS5,THAFEN,Thalictrum fendleri,Thalictrum,fendleri,30
6,23,2021,Almont,3,ACHMIL,Achillea millefolium,Achillea,millefolium,4
6,23,2021,Almont,4,ACHMIL,Achillea millefolium,Achillea,millefolium,2
6,23,2021,Almont,5,ACHMIL,Achillea millefolium,Achillea,millefolium,12
7,5,2021,Almont,6,ACHMIL,Achillea millefolium,Achillea,millefolium,5
7,5,2021,Almont,10,ACHMIL,Achillea millefolium,Achillea,millefolium,2
7,5,2021,Almont,14,ACHMIL,Achillea millefolium,Achillea,millefolium,1
7,5,2021,Almont,15,ACHMIL,Achillea millefolium,Achillea,millefolium,1
7,5,2021,Almont,16,ACHMIL,Achillea millefolium,Achillea,millefolium,6
7,5,2021,Almont,17,ACHMIL,Achillea millefolium,Achillea,millefolium,8
7,5,2021,Almont,19,ACHMIL,Achillea millefolium,Achillea,millefolium,1
7,5,2021,Almont,23,ACHMIL,Achillea millefolium,Achillea,millefolium,1
7,5,2021,Almont,25,ACHMIL,Achillea millefolium,Achillea,millefolium,3
7,5,2021,Almont,27,ACHMIL,Achillea millefolium,Achillea,millefolium,2
7,5,2021,Almont,29,ACHMIL,Achillea millefolium,Achillea,millefolium,3
7,5,2021,Almont,30,ACHMIL,Achillea millefolium,Achillea,millefolium,1
7,5,2021,Almont,31,ACHMIL,Achillea millefolium,Achillea,millefolium,5
6,23,2021,Almont,1,ADELEW,Adenolinum lewisii,Adenolinum,lewisii,2
7,5,2021,Almont,7,ADELEW,Adenolinum lewisii,Adenolinum,lewisii,1
7,5,2021,Almont,12,ADELEW,Adenolinum lewisii,Adenolinum,lewisii,9
7,5,2021,Almont,31,ADELEW,Adenolinum lewisii,Adenolinum,lewisii,2
7,5,2021,Almont,6,AGOS1A,Agoseris spp.,Agoseris,spp.,1
7,5,2021,Almont,7,AGOS1A,Agoseris spp.,Agoseris,spp.,1
7,5,2021,Almont,12,AGOS1A,Agoseris spp.,Agoseris,spp.,1
7,5,2021,Almont,13,AGOS1A,Agoseris spp.,Agoseris,spp.,1
7,5,2021,Almont,31,AGOS1A,Agoseris spp.,Agoseris,spp.,3
6,23,2021,Almont,5,ALOPRA,Alopecurus pratensis,Alopecurus,pratensis,3
7,5,2021,Almont,17,ALOPRA,Alopecurus pratensis,Alopecurus,pratensis,10
7,5,2021,Almont,18,ALOPRA,Alopecurus pratensis,Alopecurus,pratensis,15
7,5,2021,Almont,19,ALOPRA,Alopecurus pratensis,Alopecurus,pratensis,8
7,5,2021,Almont,20,ALOPRA,Alopecurus pratensis,Alopecurus,pratensis,1
7,5,2021,Almont,21,ALOPRA,Alopecurus pratensis,Alopecurus,pratensis,2
7,5,2021,Almont,23,ALOPRA,Alopecurus pratensis,Alopecurus,pratensis,2
7,5,2021,Almont,26,ALOPRA,Alopecurus pratensis,Alopecurus,pratensis,9
7,5,2021,Almont,27,ALOPRA,Alopecurus pratensis,Alopecurus,pratensis,8
7,5,2021,Almont,28,ALOPRA,Alopecurus pratensis,Alopecurus,pratensis,2
7,5,2021,Almont,29,ALOPRA,Alopecurus pratensis,Alopecurus,pratensis,1
7,5,2021,Almont,30,ALOPRA,Alopecurus pratensis,Alopecurus,pratensis,2
7,5,2021,Almont,31,ALOPRA,Alopecurus pratensis,Alopecurus,pratensis,1
7,5,2021,Almont,11,ANTROS,Antennaria rosea,Antennaria,rosea,1
7,5,2021,Almont,14,ANTROS,Antennaria rosea,Antennaria,rosea,2
7,5,2021,Almont,15,ANTROS,Antennaria rosea,Antennaria,rosea,2
7,5,2021,Almont,20,ANTROS,Antennaria rosea,Antennaria,rosea,3
7,5,2021,Almont,25,ANTROS,Antennaria rosea,Antennaria,rosea,16
7,5,2021,Almont,29,ANTROS,Antennaria rosea,Antennaria,rosea,2
7,5,2021,Almont,7,ARTTRI,Artemisia tridentata,Artemisia,tridentata,58
7,5,2021,Almont,8,ARTTRI,Artemisia tridentata,Artemisia,tridentata,1
7,5,2021,Almont,10,ARTTRI,Artemisia tridentata,Artemisia,tridentata,10
7,5,2021,Almont,12,ARTTRI,Artemisia tridentata,Artemisia,tridentata,17
7,5,2021,Almont,15,ARTTRI,Artemisia tridentata,Artemisia,tridentata,9
7,5,2021,Almont,20,ARTTRI,Artemisia tridentata,Artemisia,tridentata,31
7,5,2021,Almont,23,ARTTRI,Artemisia tridentata,Artemisia,tridentata,27
6,23,2021,Almont,1,BOESTR,Boechera stricta,Boechera,stricta,1
7,5,2021,Almont,31,CAPBUR,Capsella bursa-pastoris,Capsella,bursa-pastoris,1
7,5,2021,Almont,15,CASMIN,Castilleja miniata,Castilleja,miniata,1
6,23,2021,Almont,2,CHRVIS,Chrysothamnus viscidiflorus,Chrysothamnus,viscidiflorus,27
7,5,2021,Almont,22,CYPE1A,Cyperus spp.,Cyperus,spp.,4
7,5,2021,Almont,13,DELNUT,Delphinium nuttallianum,Delphinium,nuttallianum,1
6,23,2021,Almont,2,ELYELY,Elymus elymoides,Elymus,elymoides,2
6,23,2021,Almont,3,ELYELY,Elymus elymoides,Elymus,elymoides,6
7,5,2021,Almont,7,ELYELY,Elymus elymoides,Elymus,elymoides,3
7,5,2021,Almont,8,ELYELY,Elymus elymoides,Elymus,elymoides,1
7,5,2021,Almont,11,ELYELY,Elymus elymoides,Elymus,elymoides,4
7,5,2021,Almont,20,ELYELY,Elymus elymoides,Elymus,elymoides,1
7,5,2021,Almont,30,ELYELY,Elymus elymoides,Elymus,elymoides,1
7,5,2021,Almont,8,ERECON,Eremogone congesta,Eremogone,congesta,1
7,5,2021,Almont,9,ERECON,Eremogone congesta,Eremogone,congesta,3
7,5,2021,Almont,10,ERECON,Eremogone congesta,Eremogone,congesta,6
7,5,2021,Almont,11,ERECON,Eremogone congesta,Eremogone,congesta,3
7,5,2021,Almont,12,ERECON,Eremogone congesta,Eremogone,congesta,2
7,5,2021,Almont,14,ERECON,Eremogone congesta,Eremogone,congesta,7
7,5,2021,Almont,15,ERECON,Eremogone congesta,Eremogone,congesta,3
7,5,2021,Almont,16,ERECON,Eremogone congesta,Eremogone,congesta,1
7,5,2021,Almont,17,ERECON,Eremogone congesta,Eremogone,congesta,7
7,5,2021,Almont,20,ERECON,Eremogone congesta,Eremogone,congesta,2
7,5,2021,Almont,22,ERECON,Eremogone congesta,Eremogone,congesta,6
7,5,2021,Almont,25,ERECON,Eremogone congesta,Eremogone,congesta,6
7,5,2021,Almont,29,ERECON,Eremogone congesta,Eremogone,congesta,10
7,5,2021,Almont,30,ERECON,Eremogone congesta,Eremogone,congesta,3
7,5,2021,Almont,31,ERECON,Eremogone congesta,Eremogone,congesta,8
7,5,2021,Almont,6,ERIFLA,Erigeron flagellaris,Erigeron,flagellaris,4
7,5,2021,Almont,7,ERIFLA,Erigeron flagellaris,Erigeron,flagellaris,1
7,5,2021,Almont,9,ERIFLA,Erigeron flagellaris,Erigeron,flagellaris,9
7,5,2021,Almont,10,ERIFLA,Erigeron flagellaris,Erigeron,flagellaris,1
7,5,2021,Almont,26,ERIFLA,Erigeron flagellaris,Erigeron,flagellaris,1
6,23,2021,Almont,1,ERISPE,Erigeron speciosus,Erigeron,speciosus,8
7,5,2021,Almont,6,ERISPE,Erigeron speciosus,Erigeron,speciosus,4
7,5,2021,Almont,7,ERISPE,Erigeron speciosus,Erigeron,speciosus,2
7,5,2021,Almont,10,ERISPE,Erigeron speciosus,Erigeron,speciosus,9
7,5,2021,Almont,11,ERISPE,Erigeron speciosus,Erigeron,speciosus,2
7,5,2021,Almont,12,ERISPE,Erigeron speciosus,Erigeron,speciosus,2
7,5,2021,Almont,13,ERISPE,Erigeron speciosus,Erigeron,speciosus,5
7,5,2021,Almont,14,ERISPE,Erigeron speciosus,Erigeron,speciosus,6
7,5,2021,Almont,16,ERISPE,Erigeron speciosus,Erigeron,speciosus,4
7,5,2021,Almont,17,ERISPE,Erigeron speciosus,Erigeron,speciosus,1
7,5,2021,Almont,18,ERISPE,Erigeron speciosus,Erigeron,speciosus,1
7,5,2021,Almont,19,ERISPE,Erigeron speciosus,Erigeron,speciosus,8
7,5,2021,Almont,20,ERISPE,Erigeron speciosus,Erigeron,speciosus,5
7,5,2021,Almont,22,ERISPE,Erigeron speciosus,Erigeron,speciosus,5
7,5,2021,Almont,24,ERISPE,Erigeron speciosus,Erigeron,speciosus,4
7,5,2021,Almont,26,ERISPE,Erigeron speciosus,Erigeron,speciosus,4
7,5,2021,Almont,27,ERISPE,Erigeron speciosus,Erigeron,speciosus,5
7,5,2021,Almont,28,ERISPE,Erigeron speciosus,Erigeron,speciosus,4
7,5,2021,Almont,29,ERISPE,Erigeron speciosus,Erigeron,speciosus,3
7,5,2021,Almont,30,ERISPE,Erigeron speciosus,Erigeron,speciosus,1
6,23,2021,Almont,1,FESTHU,Festuca thurberi,Festuca,thurberi,64
6,23,2021,Almont,2,FESTHU,Festuca thurberi,Festuca,thurberi,45
6,23,2021,Almont,3,FESTHU,Festuca thurberi,Festuca,thurberi,6
7,5,2021,Almont,7,FESTHU,Festuca thurberi,Festuca,thurberi,29
7,5,2021,Almont,8,FESTHU,Festuca thurberi,Festuca,thurberi,1
7,5,2021,Almont,9,FESTHU,Festuca thurberi,Festuca,thurberi,6
7,5,2021,Almont,11,FESTHU,Festuca thurberi,Festuca,thurberi,1
7,5,2021,Almont,13,FESTHU,Festuca thurberi,Festuca,thurberi,94
7,5,2021,Almont,22,FESTHU,Festuca thurberi,Festuca,thurberi,61
7,5,2021,Almont,23,FESTHU,Festuca thurberi,Festuca,thurberi,30
6,23,2021,Almont,2,GALSEP,Galium spp.,Galium,spp.,3
7,5,2021,Almont,13,GALSEP,Galium spp.,Galium,spp.,2
7,5,2021,Almont,20,GALSEP,Galium spp.,Galium,spp.,4
7,5,2021,Almont,25,GALSEP,Galium spp.,Galium,spp.,2
7,5,2021,Almont,26,GALSEP,Galium spp.,Galium,spp.,1
7,5,2021,Almont,28,GALSEP,Galium spp.,Galium,spp.,2
6,23,2021,Almont,2,GERVIS,Geranium viscosissimum,Geranium,viscosissimum,12
7,5,2021,Almont,8,GERVIS,Geranium viscosissimum,Geranium,viscosissimum,3
7,5,2021,Almont,10,GERVIS,Geranium viscosissimum,Geranium,viscosissimum,3
7,5,2021,Almont,14,IPOAGG,Ipomopsis aggregata,Ipomopsis,aggregata,1
7,5,2021,Almont,15,IPOAGG,Ipomopsis aggregata,Ipomopsis,aggregata,1
7,5,2021,Almont,31,IPOAGG,Ipomopsis aggregata,Ipomopsis,aggregata,3
7,5,2021,Almont,11,IRIMIS,Iris missouriensis,Iris,missouriensis,1
7,5,2021,Almont,12,IRIMIS,Iris missouriensis,Iris,missouriensis,1
7,5,2021,Almont,28,IRIMIS,Iris missouriensis,Iris,missouriensis,4
7,5,2021,Almont,29,IRIMIS,Iris missouriensis,Iris,missouriensis,4
7,5,2021,Almont,30,IRIMIS,Iris missouriensis,Iris,missouriensis,2
7,5,2021,Almont,8,LATLEU,Lathyrus leucanthus,Lathyrus,leucanthus,1
7,5,2021,Almont,27,MERFUS,Mertensia fusiformis,Mertensia,fusiformis,2
6,23,2021,Almont,3,MUHMON,Muhlenbergia montana,Muhlenbergia,montana,22
7,5,2021,Almont,8,MUHMON,Muhlenbergia montana,Muhlenbergia,montana,6
7,5,2021,Almont,9,MUHMON,Muhlenbergia montana,Muhlenbergia,montana,1
7,5,2021,Almont,23,MUHMON,Muhlenbergia montana,Muhlenbergia,montana,6
7,5,2021,Almont,30,PENS1A,Penstemon spp.,Penstemon,spp.,1
6,23,2021,Almont,2,POASPP,Poa spp.,Poa,spp.,2
6,23,2021,Almont,3,POASPP,Poa spp.,Poa,spp.,8
6,23,2021,Almont,4,POASPP,Poa spp.,Poa,spp.,40
6,23,2021,Almont,5,POASPP,Poa spp.,Poa,spp.,10
7,5,2021,Almont,6,POASPP,Poa spp.,Poa,spp.,11
7,5,2021,Almont,7,POASPP,Poa spp.,Poa,spp.,11
7,5,2021,Almont,8,POASPP,Poa spp.,Poa,spp.,8
7,5,2021,Almont,9,POASPP,Poa spp.,Poa,spp.,4
7,5,2021,Almont,10,POASPP,Poa spp.,Poa,spp.,4
7,5,2021,Almont,11,POASPP,Poa spp.,Poa,spp.,2
7,5,2021,Almont,12,POASPP,Poa spp.,Poa,spp.,2
7,5,2021,Almont,14,POASPP,Poa spp.,Poa,spp.,1
7,5,2021,Almont,15,POASPP,Poa spp.,Poa,spp.,19
7,5,2021,Almont,16,POASPP,Poa spp.,Poa,spp.,8
7,5,2021,Almont,18,POASPP,Poa spp.,Poa,spp.,1
7,5,2021,Almont,19,POASPP,Poa spp.,Poa,spp.,13
7,5,2021,Almont,20,POASPP,Poa spp.,Poa,spp.,6
7,5,2021,Almont,21,POASPP,Poa spp.,Poa,spp.,5
7,5,2021,Almont,23,POASPP,Poa spp.,Poa,spp.,3
7,5,2021,Almont,24,POASPP,Poa spp.,Poa,spp.,3
7,5,2021,Almont,25,POASPP,Poa spp.,Poa,spp.,3
7,5,2021,Almont,26,POASPP,Poa spp.,Poa,spp.,9
7,5,2021,Almont,28,POASPP,Poa spp.,Poa,spp.,14
7,5,2021,Almont,29,POASPP,Poa spp.,Poa,spp.,6
7,5,2021,Almont,30,POASPP,Poa spp.,Poa,spp.,15
7,5,2021,Almont,31,POASPP,Poa spp.,Poa,spp.,1
6,23,2021,Almont,3,POA1B,Poa spp.,Poa,spp.,7
7,5,2021,Almont,10,POA1B,Poa spp.,Poa,spp.,2
7,5,2021,Almont,12,POA1B,Poa spp.,Poa,spp.,3
7,5,2021,Almont,20,POA1B,Poa spp.,Poa,spp.,2
7,5,2021,Almont,24,POA1B,Poa spp.,Poa,spp.,1
7,5,2021,Almont,27,POAC1A,Poa spp.,Poa,spp.,5
6,23,2021,Almont,3,POTGRA,Potentilla gracilis,Potentilla,gracilis,4
7,5,2021,Almont,7,POTGRA,Potentilla gracilis,Potentilla,gracilis,6
7,5,2021,Almont,14,POTGRA,Potentilla gracilis,Potentilla,gracilis,3
7,5,2021,Almont,15,POTGRA,Potentilla gracilis,Potentilla,gracilis,4
7,5,2021,Almont,18,POTGRA,Potentilla gracilis,Potentilla,gracilis,6
7,5,2021,Almont,24,POTGRA,Potentilla gracilis,Potentilla,gracilis,2
7,5,2021,Almont,25,POTGRA,Potentilla gracilis,Potentilla,gracilis,1
7,5,2021,Almont,29,POTGRA,Potentilla gracilis,Potentilla,gracilis,1
7,5,2021,Almont,14,POTHIP,Potentilla hippiana,Potentilla,hippiana,4
7,5,2021,Almont,6,PULPAT,Pulsatilla patens,Pulsatilla,patens,2
7,5,2021,Almont,22,PULPAT,Pulsatilla patens,Pulsatilla,patens,1
7,5,2021,Almont,6,ROSWOO,Rosa woodsii,Rosa,woodsii,3
7,5,2021,Almont,11,ROSWOO,Rosa woodsii,Rosa,woodsii,1
7,5,2021,Almont,12,ROSWOO,Rosa woodsii,Rosa,woodsii,1
7,5,2021,Almont,16,ROSWOO,Rosa woodsii,Rosa,woodsii,3
7,5,2021,Almont,18,ROSWOO,Rosa woodsii,Rosa,woodsii,7
7,5,2021,Almont,19,ROSWOO,Rosa woodsii,Rosa,woodsii,3
7,5,2021,Almont,27,ROSWOO,Rosa woodsii,Rosa,woodsii,1
7,5,2021,Almont,30,ROSWOO,Rosa woodsii,Rosa,woodsii,6
7,5,2021,Almont,31,ROSWOO,Rosa woodsii,Rosa,woodsii,2
6,23,2021,Almont,2,SENE1A,Senecio spp.,Senecio,spp.,1
7,5,2021,Almont,19,SENE1A,Senecio spp.,Senecio,spp.,3
7,5,2021,Almont,27,SENE1A,Senecio spp.,Senecio,spp.,1
7,5,2021,Almont,30,SENE1A,Senecio spp.,Senecio,spp.,1
6,23,2021,Almont,4,TAROFF,Taraxacum officinale,Taraxacum,officinale,3
6,23,2021,Almont,5,TAROFF,Taraxacum officinale,Taraxacum,officinale,1
7,5,2021,Almont,6,TAROFF,Taraxacum officinale,Taraxacum,officinale,1
7,5,2021,Almont,7,TAROFF,Taraxacum officinale,Taraxacum,officinale,1
7,5,2021,Almont,8,TAROFF,Taraxacum officinale,Taraxacum,officinale,1
7,5,2021,Almont,10,TAROFF,Taraxacum officinale,Taraxacum,officinale,2
7,5,2021,Almont,12,TAROFF,Taraxacum officinale,Taraxacum,officinale,2
7,5,2021,Almont,16,TAROFF,Taraxacum officinale,Taraxacum,officinale,4
7,5,2021,Almont,17,TAROFF,Taraxacum officinale,Taraxacum,officinale,1
7,5,2021,Almont,19,TAROFF,Taraxacum officinale,Taraxacum,officinale,2
7,5,2021,Almont,21,TAROFF,Taraxacum officinale,Taraxacum,officinale,1
7,5,2021,Almont,22,TAROFF,Taraxacum officinale,Taraxacum,officinale,3
7,5,2021,Almont,23,TAROFF,Taraxacum officinale,Taraxacum,officinale,1
7,5,2021,Almont,26,TAROFF,Taraxacum officinale,Taraxacum,officinale,1
7,5,2021,Almont,28,TAROFF,Taraxacum officinale,Taraxacum,officinale,1
7,5,2021,Almont,30,TAROFF,Taraxacum officinale,Taraxacum,officinale,1
7,5,2021,Almont,31,TAROFF,Taraxacum officinale,Taraxacum,officinale,5
6,23,2021,Almont,4,TRADUB,Tragopogon dubius,Tragopogon,dubius,1
7,5,2021,Almont,21,TRADUB,Tragopogon dubius,Tragopogon,dubius,5
7,5,2021,Almont,22,TRADUB,Tragopogon dubius,Tragopogon,dubius,11
7,5,2021,Almont,23,TRADUB,Tragopogon dubius,Tragopogon,dubius,2
7,5,2021,Almont,8,VALEDU,Valeriana edulis,Valeriana,edulis,8
7,5,2021,Almont,12,VALEDU,Valeriana edulis,Valeriana,edulis,5
7,5,2021,Almont,16,VALEDU,Valeriana edulis,Valeriana,edulis,5
7,5,2021,Almont,20,VALEDU,Valeriana edulis,Valeriana,edulis,4
7,5,2021,Almont,26,VALEDU,Valeriana edulis,Valeriana,edulis,6
7,5,2021,Almont,29,VALEDU,Valeriana edulis,Valeriana,edulis,3
7,5,2021,Almont,30,VALEDU,Valeriana edulis,Valeriana,edulis,5
6,23,2021,Almont,1,VICAME,Vicia americana,Vicia,americana,1
6,23,2021,Almont,3,VICAME,Vicia americana,Vicia,americana,2
6,23,2021,Almont,5,VICAME,Vicia americana,Vicia,americana,2
7,5,2021,Almont,6,VICAME,Vicia americana,Vicia,americana,2
7,5,2021,Almont,7,VICAME,Vicia americana,Vicia,americana,3
7,5,2021,Almont,8,VICAME,Vicia americana,Vicia,americana,1
7,5,2021,Almont,9,VICAME,Vicia americana,Vicia,americana,1
7,5,2021,Almont,11,VICAME,Vicia americana,Vicia,americana,3
7,5,2021,Almont,13,VICAME,Vicia americana,Vicia,americana,14
7,5,2021,Almont,15,VICAME,Vicia americana,Vicia,americana,1
7,5,2021,Almont,16,VICAME,Vicia americana,Vicia,americana,3
7,5,2021,Almont,18,VICAME,Vicia americana,Vicia,americana,1
7,5,2021,Almont,23,VICAME,Vicia americana,Vicia,americana,4
7,5,2021,Almont,24,VICAME,Vicia americana,Vicia,americana,8
7,5,2021,Almont,25,VICAME,Vicia americana,Vicia,americana,8
7,5,2021,Almont,29,VICAME,Vicia americana,Vicia,americana,1
7,5,2021,Almont,8,VIOADU,Viola adunca,Viola,adunca,3
7,5,2021,Almont,25,VIOADU,Viola adunca,Viola,adunca,8
6,23,2021,Almont,5,VIOL1A,Viola spp.,Viola,spp.,10
7,5,2021,Almont,6,VIOL1A,Viola spp.,Viola,spp.,3
6,23,2021,Almont,3,WYEAMP,Wyethia amplexicaulis,Wyethia,amplexicaulis,7
7,5,2021,Almont,7,WYEAMP,Wyethia amplexicaulis,Wyethia,amplexicaulis,1
7,5,2021,Almont,8,WYEAMP,Wyethia amplexicaulis,Wyethia,amplexicaulis,5
7,5,2021,Almont,9,WYEAMP,Wyethia amplexicaulis,Wyethia,amplexicaulis,3
7,5,2021,Almont,10,WYEAMP,Wyethia amplexicaulis,Wyethia,amplexicaulis,1
7,5,2021,Almont,11,WYEAMP,Wyethia amplexicaulis,Wyethia,amplexicaulis,12
7,5,2021,Almont,12,WYEAMP,Wyethia amplexicaulis,Wyethia,amplexicaulis,17
7,5,2021,Almont,14,WYEAMP,Wyethia amplexicaulis,Wyethia,amplexicaulis,2
7,5,2021,Almont,16,WYEAMP,Wyethia amplexicaulis,Wyethia,amplexicaulis,13
7,5,2021,Almont,17,WYEAMP,Wyethia amplexicaulis,Wyethia,amplexicaulis,11
7,5,2021,Almont,19,WYEAMP,Wyethia amplexicaulis,Wyethia,amplexicaulis,2
7,5,2021,Almont,20,WYEAMP,Wyethia amplexicaulis,Wyethia,amplexicaulis,1
7,5,2021,Almont,22,WYEAMP,Wyethia amplexicaulis,Wyethia,amplexicaulis,1
7,5,2021,Almont,24,WYEAMP,Wyethia amplexicaulis,Wyethia,amplexicaulis,7
7,5,2021,Almont,26,WYEAMP,Wyethia amplexicaulis,Wyethia,amplexicaulis,1
7,5,2021,Almont,8,ALLSPE,Allium spp.,Allium,spp.,1
7,5,2021,Almont,11,PHASER,Phacelia sericea,Phacelia,sericea,2
7,5,2021,Almont,13,ERISPP,Eriogonum spp.,Eriogonum,spp.,1
7,5,2021,Almont,15,ALLUUU,Allium spp.,Allium,spp.,2
7,1,2021,Gothic,2,VERCAL,Veratrum californicum,Veratrum,californicum,50
7,1,2021,Gothic,6,VERCAL,Veratrum californicum,Veratrum,californicum,40
7,1,2021,Gothic,8,VERCAL,Veratrum californicum,Veratrum,californicum,35
7,1,2021,Gothic,13,VERCAL,Veratrum californicum,Veratrum,californicum,40
7,1,2021,Gothic,18,VERCAL,Veratrum californicum,Veratrum,californicum,55
7,1,2021,Gothic,22,VERCAL,Veratrum californicum,Veratrum,californicum,60
7,1,2021,Gothic,24,VERCAL,Veratrum californicum,Veratrum,californicum,40
7,1,2021,Gothic,2,DELSPP,Delphinium spp.,Delphinium,spp.,25
7,1,2021,Gothic,6,DELSPP,Delphinium spp.,Delphinium,spp.,25
7,1,2021,Gothic,8,DELSPP,Delphinium spp.,Delphinium,spp.,40
7,1,2021,Gothic,13,DELSPP,Delphinium spp.,Delphinium,spp.,30
7,1,2021,Gothic,18,DELSPP,Delphinium spp.,Delphinium,spp.,25
7,1,2021,Gothic,22,DELSPP,Delphinium spp.,Delphinium,spp.,10
7,1,2021,Gothic,24,DELSPP,Delphinium spp.,Delphinium,spp.,40
7,1,2021,Gothic,2,THAFEN,Thalictrum fendleri,Thalictrum,fendleri,20
7,1,2021,Gothic,6,THAFEN,Thalictrum fendleri,Thalictrum,fendleri,3
7,1,2021,Gothic,8,THAFEN,Thalictrum fendleri,Thalictrum,fendleri,20
7,1,2021,Gothic,13,THAFEN,Thalictrum fendleri,Thalictrum,fendleri,20
7,1,2021,Gothic,18,THAFEN,Thalictrum fendleri,Thalictrum,fendleri,15
7,1,2021,Gothic,22,THAFEN,Thalictrum fendleri,Thalictrum,fendleri,30
7,1,2021,Gothic,24,THAFEN,Thalictrum fendleri,Thalictrum,fendleri,7
7,1,2021,Gothic,2,HERSPH,Heracleum sphondylium,Heracleum,sphondylium,4
7,1,2021,Gothic,6,HERSPH,Heracleum sphondylium,Heracleum,sphondylium,2
7,1,2021,Gothic,8,HERSPH,Heracleum sphondylium,Heracleum,sphondylium,5
7,1,2021,Gothic,13,HERSPH,Heracleum sphondylium,Heracleum,sphondylium,12
7,1,2021,Gothic,18,HERSPH,Heracleum sphondylium,Heracleum,sphondylium,15
7,1,2021,Gothic,22,HERSPH,Heracleum sphondylium,Heracleum,sphondylium,10
7,1,2021,Gothic,24,HERSPH,Heracleum sphondylium,Heracleum,sphondylium,10
7,1,2021,Gothic,2,BROINE,Bromopsis inermis,Bromopsis,inermis,1
7,1,2021,Gothic,6,BROINE,Bromopsis inermis,Bromopsis,inermis,4
7,1,2021,Gothic,8,BROINE,Bromopsis inermis,Bromopsis,inermis,7
7,1,2021,Gothic,13,BROINE,Bromopsis inermis,Bromopsis,inermis,7
7,1,2021,Gothic,18,BROINE,Bromopsis inermis,Bromopsis,inermis,10
7,1,2021,Gothic,22,BROINE,Bromopsis inermis,Bromopsis,inermis,7
7,1,2021,Gothic,24,BROINE,Bromopsis inermis,Bromopsis,inermis,8
7,1,2021,Gothic,2,MERCIL,Mertensia ciliata,Mertensia,ciliata,15
7,1,2021,Gothic,6,MERCIL,Mertensia ciliata,Mertensia,ciliata,20
7,1,2021,Gothic,8,MERCIL,Mertensia ciliata,Mertensia,ciliata,15
7,1,2021,Gothic,13,MERCIL,Mertensia ciliata,Mertensia,ciliata,4
7,1,2021,Gothic,22,MERCIL,Mertensia ciliata,Mertensia,ciliata,7
7,1,2021,Gothic,24,MERCIL,Mertensia ciliata,Mertensia,ciliata,10
7,1,2021,Gothic,2,HELQUI,Helianthella quinquenervis,Helianthella,quinquenervis,2
7,1,2021,Gothic,18,HELQUI,Helianthella quinquenervis,Helianthella,quinquenervis,5
7,1,2021,Gothic,22,HELQUI,Helianthella quinquenervis,Helianthella,quinquenervis,2
7,1,2021,Gothic,18,FRASPE,Frasera speciosa,Frasera,speciosa,7
7,1,2021,Gothic,22,FRASPE,Frasera speciosa,Frasera,speciosa,4
7,1,2021,Gothic,24,FRASPE,Frasera speciosa,Frasera,speciosa,7
7,1,2021,Gothic,18,LATLEU,Lathyrus leucanthus,Lathyrus,leucanthus,2
7,1,2021,Gothic,22,LATLEU,Lathyrus leucanthus,Lathyrus,leucanthus,2
7,1,2021,Gothic,2,SENCRA,Senecio crassulus,Senecio,crassulus,3
7,1,2021,Gothic,8,SENCRA,Senecio crassulus,Senecio,crassulus,2
7,1,2021,Gothic,13,SENCRA,Senecio crassulus,Senecio,crassulus,10
7,1,2021,Gothic,18,SENCRA,Senecio crassulus,Senecio,crassulus,3
7,1,2021,Gothic,2,TAROFF,Taraxacum officinale,Taraxacum,officinale,10
7,1,2021,Gothic,6,TAROFF,Taraxacum officinale,Taraxacum,officinale,1
7,1,2021,Gothic,8,TAROFF,Taraxacum officinale,Taraxacum,officinale,1
7,1,2021,Gothic,13,TAROFF,Taraxacum officinale,Taraxacum,officinale,3
7,1,2021,Gothic,18,TAROFF,Taraxacum officinale,Taraxacum,officinale,7
7,1,2021,Gothic,22,TAROFF,Taraxacum officinale,Taraxacum,officinale,3
7,1,2021,Gothic,2,GER?,NA,NA,NA,5
7,1,2021,Gothic,6,GER?,NA,NA,NA,10
7,1,2021,Gothic,8,GER?,NA,NA,NA,4
7,1,2021,Gothic,13,GER?,NA,NA,NA,5
7,1,2021,Gothic,22,GER?,NA,NA,NA,4
7,1,2021,Gothic,24,GER?,NA,NA,NA,12
7,1,2021,Gothic,2,bare,NA,NA,NA,10
7,1,2021,Gothic,6,bare,NA,NA,NA,5
7,1,2021,Gothic,8,bare,NA,NA,NA,2
7,1,2021,Gothic,13,bare,NA,NA,NA,7
7,1,2021,Gothic,18,bare,NA,NA,NA,4
7,1,2021,Gothic,22,bare,NA,NA,NA,10
7,1,2021,Gothic,24,bare,NA,NA,NA,10
7,1,2021,Gothic,2,litter,NA,NA,NA,15
7,1,2021,Gothic,6,litter,NA,NA,NA,20
7,1,2021,Gothic,8,litter,NA,NA,NA,25
7,1,2021,Gothic,13,litter,NA,NA,NA,15
7,1,2021,Gothic,18,litter,NA,NA,NA,20
7,1,2021,Gothic,22,litter,NA,NA,NA,15
7,1,2021,Gothic,24,litter,NA,NA,NA,15
7,1,2021,Gothic,2,VALSPP,Valeriana spp,Valeriana,spp,3
7,1,2021,Gothic,6,VALSPP,Valeriana spp,Valeriana,spp,2
7,1,2021,Gothic,13,VALSPP,Valeriana spp,Valeriana,spp,7
7,1,2021,Gothic,18,VALSPP,Valeriana spp,Valeriana,spp,10
7,1,2021,Gothic,22,VALSPP,Valeriana spp,Valeriana,spp,7
7,1,2021,Gothic,2,HYDFEN,Hydrophyllum fendleri,Hydrophyllum,fendleri,4
7,1,2021,Gothic,6,HYDFEN,Hydrophyllum fendleri,Hydrophyllum,fendleri,1
7,1,2021,Gothic,8,HYDFEN,Hydrophyllum fendleri,Hydrophyllum,fendleri,5
7,1,2021,Gothic,13,HYDFEN,Hydrophyllum fendleri,Hydrophyllum,fendleri,10
7,1,2021,Gothic,18,HYDFEN,Hydrophyllum fendleri,Hydrophyllum,fendleri,1
7,1,2021,Gothic,22,HYDFEN,Hydrophyllum fendleri,Hydrophyllum,fendleri,10
7,1,2021,Gothic,24,HYDFEN,Hydrophyllum fendleri,Hydrophyllum,fendleri,3
7,1,2021,Gothic,2,LIGPOR,Ligusticum porteri,Ligusticum,porteri,25
7,1,2021,Gothic,8,LIGPOR,Ligusticum porteri,Ligusticum,porteri,5
7,1,2021,Gothic,18,LIGPOR,Ligusticum porteri,Ligusticum,porteri,10
7,1,2021,Gothic,18,HAIRYESTER,NA,NA,NA,10
7,1,2021,Gothic,22,FRAVIR,Fragaria virginiana,Fragaria,virginiana,1
7,1,2021,Gothic,24,HAIRYESTER,NA,NA,NA,3
7,1,2021,Gothic,8,TOOTHEDLEAF,NA,NA,NA,3
7,1,2021,Gothic,18,AGULASHA,NA,NA,NA,3
7,9,2021,Cinnamon,2,ACHMIL,Achillea millefolium,Achillea,millefolium,7
7,9,2021,Cinnamon,5,ACHMIL,Achillea millefolium,Achillea,millefolium,2
7,9,2021,Cinnamon,12,ACHMIL,Achillea millefolium,Achillea,millefolium,2
7,9,2021,Cinnamon,26,ACHMIL,Achillea millefolium,Achillea,millefolium,8
7,9,2021,Cinnamon,27,ACHMIL,Achillea millefolium,Achillea,millefolium,4
7,9,2021,Cinnamon,28,ACHMIL,Achillea millefolium,Achillea,millefolium,2
7,9,2021,Cinnamon,1,AGOS1C,Agoseris spp.,Agoseris,spp.,3
7,9,2021,Cinnamon,3,AGOS1C,Agoseris spp.,Agoseris,spp.,3
7,9,2021,Cinnamon,4,AGOS1C,Agoseris spp.,Agoseris,spp.,2
7,9,2021,Cinnamon,7,AGOS1C,Agoseris spp.,Agoseris,spp.,2
7,9,2021,Cinnamon,9,AGOS1C,Agoseris spp.,Agoseris,spp.,1
7,9,2021,Cinnamon,26,AGOS1C,Agoseris spp.,Agoseris,spp.,7
7,9,2021,Cinnamon,27,AGOS1C,Agoseris spp.,Agoseris,spp.,2
7,9,2021,Cinnamon,28,AGOS1C,Agoseris spp.,Agoseris,spp.,5
7,9,2021,Cinnamon,4,ANTE1C,Antennaria spp.,Antennaria,spp.,1
7,9,2021,Cinnamon,9,ANTE1C,Antennaria spp.,Antennaria,spp.,3
7,9,2021,Cinnamon,13,ANTE1C,Antennaria spp.,Antennaria,spp.,1
7,9,2021,Cinnamon,19,ANTE1C,Antennaria spp.,Antennaria,spp.,8
7,9,2021,Cinnamon,20,ANTE1C,Antennaria spp.,Antennaria,spp.,5
7,9,2021,Cinnamon,23,ANTE1C,Antennaria spp.,Antennaria,spp.,3
7,9,2021,Cinnamon,24,ANTE1C,Antennaria spp.,Antennaria,spp.,12
7,9,2021,Cinnamon,1,ARCUVA,Arctostaphylos uva-ursi,Arctostaphylos,uva-ursi,10
7,9,2021,Cinnamon,2,ARCUVA,Arctostaphylos uva-ursi,Arctostaphylos,uva-ursi,18
7,9,2021,Cinnamon,4,ARCUVA,Arctostaphylos uva-ursi,Arctostaphylos,uva-ursi,10
7,9,2021,Cinnamon,5,ARCUVA,Arctostaphylos uva-ursi,Arctostaphylos,uva-ursi,16
7,9,2021,Cinnamon,6,ARCUVA,Arctostaphylos uva-ursi,Arctostaphylos,uva-ursi,17
7,9,2021,Cinnamon,7,ARCUVA,Arctostaphylos uva-ursi,Arctostaphylos,uva-ursi,10
7,9,2021,Cinnamon,9,ARCUVA,Arctostaphylos uva-ursi,Arctostaphylos,uva-ursi,15
7,9,2021,Cinnamon,10,ARCUVA,Arctostaphylos uva-ursi,Arctostaphylos,uva-ursi,18
7,9,2021,Cinnamon,11,ARCUVA,Arctostaphylos uva-ursi,Arctostaphylos,uva-ursi,24
7,9,2021,Cinnamon,12,ARCUVA,Arctostaphylos uva-ursi,Arctostaphylos,uva-ursi,10
7,9,2021,Cinnamon,13,ARCUVA,Arctostaphylos uva-ursi,Arctostaphylos,uva-ursi,11
7,9,2021,Cinnamon,14,ARCUVA,Arctostaphylos uva-ursi,Arctostaphylos,uva-ursi,10
7,9,2021,Cinnamon,15,ARCUVA,Arctostaphylos uva-ursi,Arctostaphylos,uva-ursi,12
7,9,2021,Cinnamon,16,ARCUVA,Arctostaphylos uva-ursi,Arctostaphylos,uva-ursi,3
7,9,2021,Cinnamon,17,ARCUVA,Arctostaphylos uva-ursi,Arctostaphylos,uva-ursi,2
7,9,2021,Cinnamon,27,ARCUVA,Arctostaphylos uva-ursi,Arctostaphylos,uva-ursi,37
7,9,2021,Cinnamon,28,ARCUVA,Arctostaphylos uva-ursi,Arctostaphylos,uva-ursi,36
7,9,2021,Cinnamon,1,ARNMOL,Arnica mollis,Arnica,mollis,4
7,9,2021,Cinnamon,2,ARNMOL,Arnica mollis,Arnica,mollis,9
7,9,2021,Cinnamon,3,ARNMOL,Arnica mollis,Arnica,mollis,11
7,9,2021,Cinnamon,4,ARNMOL,Arnica mollis,Arnica,mollis,2
7,9,2021,Cinnamon,7,ARNMOL,Arnica mollis,Arnica,mollis,1
7,9,2021,Cinnamon,8,ARNMOL,Arnica mollis,Arnica,mollis,1
7,9,2021,Cinnamon,23,ARNMOL,Arnica mollis,Arnica,mollis,7
7,9,2021,Cinnamon,26,ARNMOL,Arnica mollis,Arnica,mollis,1
7,9,2021,Cinnamon,27,ARNMOL,Arnica mollis,Arnica,mollis,1
7,9,2021,Cinnamon,28,ARNMOL,Arnica mollis,Arnica,mollis,2
7,9,2021,Cinnamon,3,BOESTR,Boechera stricta,Boechera,stricta,2
7,9,2021,Cinnamon,4,BOESTR,Boechera stricta,Boechera,stricta,1
7,9,2021,Cinnamon,11,BOESTR,Boechera stricta,Boechera,stricta,2
7,9,2021,Cinnamon,20,BOESTR,Boechera stricta,Boechera,stricta,2
7,9,2021,Cinnamon,21,BOESTR,Boechera stricta,Boechera,stricta,2
7,9,2021,Cinnamon,22,BOESTR,Boechera stricta,Boechera,stricta,1
7,9,2021,Cinnamon,25,BOESTR,Boechera stricta,Boechera,stricta,1
7,9,2021,Cinnamon,26,BOESTR,Boechera stricta,Boechera,stricta,2
7,9,2021,Cinnamon,1,CARALB,Carex albonigra,Carex,albonigra,1
7,9,2021,Cinnamon,2,CARALB,Carex albonigra,Carex,albonigra,2
7,9,2021,Cinnamon,5,CARALB,Carex albonigra,Carex,albonigra,5
7,9,2021,Cinnamon,8,CARALB,Carex albonigra,Carex,albonigra,4
7,9,2021,Cinnamon,10,CARALB,Carex albonigra,Carex,albonigra,1
7,9,2021,Cinnamon,11,CARALB,Carex albonigra,Carex,albonigra,2
7,9,2021,Cinnamon,17,CARALB,Carex albonigra,Carex,albonigra,2
7,9,2021,Cinnamon,19,CARALB,Carex albonigra,Carex,albonigra,5
7,9,2021,Cinnamon,21,CARALB,Carex albonigra,Carex,albonigra,3
7,9,2021,Cinnamon,22,CARALB,Carex albonigra,Carex,albonigra,14
7,9,2021,Cinnamon,26,CARALB,Carex albonigra,Carex,albonigra,1
7,9,2021,Cinnamon,27,CARALB,Carex albonigra,Carex,albonigra,6
7,9,2021,Cinnamon,28,CARALB,Carex albonigra,Carex,albonigra,1
7,9,2021,Cinnamon,2,CASSUL,Castilleja sulphurea,Castilleja,sulphurea,4
7,9,2021,Cinnamon,3,CASSUL,Castilleja sulphurea,Castilleja,sulphurea,2
7,9,2021,Cinnamon,5,CASSUL,Castilleja sulphurea,Castilleja,sulphurea,12
7,9,2021,Cinnamon,8,CASSUL,Castilleja sulphurea,Castilleja,sulphurea,1
7,9,2021,Cinnamon,9,CASSUL,Castilleja sulphurea,Castilleja,sulphurea,2
7,9,2021,Cinnamon,10,CASSUL,Castilleja sulphurea,Castilleja,sulphurea,2
7,9,2021,Cinnamon,13,CASSUL,Castilleja sulphurea,Castilleja,sulphurea,3
7,9,2021,Cinnamon,18,CASSUL,Castilleja sulphurea,Castilleja,sulphurea,4
7,9,2021,Cinnamon,19,CASSUL,Castilleja sulphurea,Castilleja,sulphurea,14
7,9,2021,Cinnamon,21,CASSUL,Castilleja sulphurea,Castilleja,sulphurea,4
7,9,2021,Cinnamon,22,CASSUL,Castilleja sulphurea,Castilleja,sulphurea,1
7,9,2021,Cinnamon,23,CASSUL,Castilleja sulphurea,Castilleja,sulphurea,2
7,9,2021,Cinnamon,28,CASSUL,Castilleja sulphurea,Castilleja,sulphurea,4
7,9,2021,Cinnamon,4,DRAAUR,Draba aurea,Draba,aurea,1
7,9,2021,Cinnamon,5,DRAAUR,Draba aurea,Draba,aurea,2
7,9,2021,Cinnamon,10,DRAAUR,Draba aurea,Draba,aurea,7
7,9,2021,Cinnamon,11,DRAAUR,Draba aurea,Draba,aurea,1
7,9,2021,Cinnamon,15,DRAAUR,Draba aurea,Draba,aurea,5
7,9,2021,Cinnamon,16,DRAAUR,Draba aurea,Draba,aurea,2
7,9,2021,Cinnamon,17,DRAAUR,Draba aurea,Draba,aurea,2
7,9,2021,Cinnamon,18,DRAAUR,Draba aurea,Draba,aurea,1
7,9,2021,Cinnamon,24,DRAAUR,Draba aurea,Draba,aurea,3
7,9,2021,Cinnamon,25,DRAAUR,Draba aurea,Draba,aurea,1
7,9,2021,Cinnamon,27,DRAAUR,Draba aurea,Draba,aurea,1
7,9,2021,Cinnamon,7,ERIGLA,Erigeron glabellus,Erigeron,glabellus,3
7,9,2021,Cinnamon,8,ERIGLA,Erigeron glabellus,Erigeron,glabellus,3
7,9,2021,Cinnamon,10,ERIGLA,Erigeron glabellus,Erigeron,glabellus,2
7,9,2021,Cinnamon,13,ERIGLA,Erigeron glabellus,Erigeron,glabellus,2
7,9,2021,Cinnamon,24,ERIGLA,Erigeron glabellus,Erigeron,glabellus,7
7,9,2021,Cinnamon,25,ERIGLA,Erigeron glabellus,Erigeron,glabellus,2
7,9,2021,Cinnamon,4,ERYGRA,Erythronium grandiflorum,Erythronium,grandiflorum,3
7,9,2021,Cinnamon,7,ERYGRA,Erythronium grandiflorum,Erythronium,grandiflorum,3
7,9,2021,Cinnamon,9,ERYGRA,Erythronium grandiflorum,Erythronium,grandiflorum,5
7,9,2021,Cinnamon,10,ERYGRA,Erythronium grandiflorum,Erythronium,grandiflorum,1
7,9,2021,Cinnamon,11,ERYGRA,Erythronium grandiflorum,Erythronium,grandiflorum,1
7,9,2021,Cinnamon,12,ERYGRA,Erythronium grandiflorum,Erythronium,grandiflorum,1
7,9,2021,Cinnamon,13,ERYGRA,Erythronium grandiflorum,Erythronium,grandiflorum,3
7,9,2021,Cinnamon,16,ERYGRA,Erythronium grandiflorum,Erythronium,grandiflorum,1
7,9,2021,Cinnamon,17,ERYGRA,Erythronium grandiflorum,Erythronium,grandiflorum,1
7,9,2021,Cinnamon,19,ERYGRA,Erythronium grandiflorum,Erythronium,grandiflorum,1
7,9,2021,Cinnamon,23,ERYGRA,Erythronium grandiflorum,Erythronium,grandiflorum,1
7,9,2021,Cinnamon,24,ERYGRA,Erythronium grandiflorum,Erythronium,grandiflorum,1
7,9,2021,Cinnamon,25,ERYGRA,Erythronium grandiflorum,Erythronium,grandiflorum,1
7,9,2021,Cinnamon,2,FRAVIR,Fragaria virginiana,Fragaria,virginiana,1
7,9,2021,Cinnamon,11,FRAVIR,Fragaria virginiana,Fragaria,virginiana,2
7,9,2021,Cinnamon,12,FRAVIR,Fragaria virginiana,Fragaria,virginiana,3
7,9,2021,Cinnamon,17,FRAVIR,Fragaria virginiana,Fragaria,virginiana,2
7,9,2021,Cinnamon,18,FRAVIR,Fragaria virginiana,Fragaria,virginiana,10
7,9,2021,Cinnamon,19,FRAVIR,Fragaria virginiana,Fragaria,virginiana,1
7,9,2021,Cinnamon,20,FRAVIR,Fragaria virginiana,Fragaria,virginiana,4
7,9,2021,Cinnamon,21,FRAVIR,Fragaria virginiana,Fragaria,virginiana,2
7,9,2021,Cinnamon,22,FRAVIR,Fragaria virginiana,Fragaria,virginiana,2
7,9,2021,Cinnamon,23,FRAVIR,Fragaria virginiana,Fragaria,virginiana,3
7,9,2021,Cinnamon,24,FRAVIR,Fragaria virginiana,Fragaria,virginiana,2
7,9,2021,Cinnamon,25,FRAVIR,Fragaria virginiana,Fragaria,virginiana,3
7,9,2021,Cinnamon,1,JUNDRU,Juncus drummondii,Juncus,drummondii,9
7,9,2021,Cinnamon,3,JUNDRU,Juncus drummondii,Juncus,drummondii,33
7,9,2021,Cinnamon,4,JUNDRU,Juncus drummondii,Juncus,drummondii,14
7,9,2021,Cinnamon,5,JUNDRU,Juncus drummondii,Juncus,drummondii,10
7,9,2021,Cinnamon,7,JUNDRU,Juncus drummondii,Juncus,drummondii,21
7,9,2021,Cinnamon,9,JUNDRU,Juncus drummondii,Juncus,drummondii,15
7,9,2021,Cinnamon,10,JUNDRU,Juncus drummondii,Juncus,drummondii,13
7,9,2021,Cinnamon,11,JUNDRU,Juncus drummondii,Juncus,drummondii,3
7,9,2021,Cinnamon,13,JUNDRU,Juncus drummondii,Juncus,drummondii,3
7,9,2021,Cinnamon,14,JUNDRU,Juncus drummondii,Juncus,drummondii,2
7,9,2021,Cinnamon,17,JUNDRU,Juncus drummondii,Juncus,drummondii,9
7,9,2021,Cinnamon,18,JUNDRU,Juncus drummondii,Juncus,drummondii,8
7,9,2021,Cinnamon,19,JUNDRU,Juncus drummondii,Juncus,drummondii,9
7,9,2021,Cinnamon,20,JUNDRU,Juncus drummondii,Juncus,drummondii,3
7,9,2021,Cinnamon,21,JUNDRU,Juncus drummondii,Juncus,drummondii,8
7,9,2021,Cinnamon,22,JUNDRU,Juncus drummondii,Juncus,drummondii,5
7,9,2021,Cinnamon,23,JUNDRU,Juncus drummondii,Juncus,drummondii,13
7,9,2021,Cinnamon,24,JUNDRU,Juncus drummondii,Juncus,drummondii,6
7,9,2021,Cinnamon,28,JUNDRU,Juncus drummondii,Juncus,drummondii,9
7,9,2021,Cinnamon,1,POAALP,Poa alpina,Poa,alpina,2
7,9,2021,Cinnamon,5,POAALP,Poa alpina,Poa,alpina,18
7,9,2021,Cinnamon,6,POAALP,Poa alpina,Poa,alpina,5
7,9,2021,Cinnamon,7,POAALP,Poa alpina,Poa,alpina,24
7,9,2021,Cinnamon,9,POAALP,Poa alpina,Poa,alpina,4
7,9,2021,Cinnamon,10,POAALP,Poa alpina,Poa,alpina,4
7,9,2021,Cinnamon,11,POAALP,Poa alpina,Poa,alpina,1
7,9,2021,Cinnamon,12,POAALP,Poa alpina,Poa,alpina,7
7,9,2021,Cinnamon,13,POAALP,Poa alpina,Poa,alpina,6
7,9,2021,Cinnamon,14,POAALP,Poa alpina,Poa,alpina,1
7,9,2021,Cinnamon,17,POAALP,Poa alpina,Poa,alpina,4
7,9,2021,Cinnamon,20,POAALP,Poa alpina,Poa,alpina,4
7,9,2021,Cinnamon,26,POAALP,Poa alpina,Poa,alpina,15
7,9,2021,Cinnamon,27,POAALP,Poa alpina,Poa,alpina,15
7,9,2021,Cinnamon,28,POAALP,Poa alpina,Poa,alpina,16
7,9,2021,Cinnamon,1,POALEP,Poa leptocoma,Poa,leptocoma,10
7,9,2021,Cinnamon,2,POALEP,Poa leptocoma,Poa,leptocoma,9
7,9,2021,Cinnamon,3,POALEP,Poa leptocoma,Poa,leptocoma,14
7,9,2021,Cinnamon,4,POALEP,Poa leptocoma,Poa,leptocoma,5
7,9,2021,Cinnamon,5,POALEP,Poa leptocoma,Poa,leptocoma,9
7,9,2021,Cinnamon,6,POALEP,Poa leptocoma,Poa,leptocoma,2
7,9,2021,Cinnamon,7,POALEP,Poa leptocoma,Poa,leptocoma,1
7,9,2021,Cinnamon,8,POALEP,Poa leptocoma,Poa,leptocoma,20
7,9,2021,Cinnamon,10,POALEP,Poa leptocoma,Poa,leptocoma,2
7,9,2021,Cinnamon,11,POALEP,Poa leptocoma,Poa,leptocoma,5
7,9,2021,Cinnamon,13,POALEP,Poa leptocoma,Poa,leptocoma,1
7,9,2021,Cinnamon,15,POALEP,Poa leptocoma,Poa,leptocoma,5
7,9,2021,Cinnamon,16,POALEP,Poa leptocoma,Poa,leptocoma,13
7,9,2021,Cinnamon,17,POALEP,Poa leptocoma,Poa,leptocoma,4
7,9,2021,Cinnamon,18,POALEP,Poa leptocoma,Poa,leptocoma,8
7,9,2021,Cinnamon,19,POALEP,Poa leptocoma,Poa,leptocoma,5
7,9,2021,Cinnamon,20,POALEP,Poa leptocoma,Poa,leptocoma,16
7,9,2021,Cinnamon,21,POALEP,Poa leptocoma,Poa,leptocoma,12
7,9,2021,Cinnamon,22,POALEP,Poa leptocoma,Poa,leptocoma,15
7,9,2021,Cinnamon,23,POALEP,Poa leptocoma,Poa,leptocoma,8
7,9,2021,Cinnamon,24,POALEP,Poa leptocoma,Poa,leptocoma,2
7,9,2021,Cinnamon,25,POALEP,Poa leptocoma,Poa,leptocoma,12
7,9,2021,Cinnamon,27,POALEP,Poa leptocoma,Poa,leptocoma,1
7,9,2021,Cinnamon,2,POTGRA,Potentilla gracilis,Potentilla,gracilis,6
7,9,2021,Cinnamon,3,POTGRA,Potentilla gracilis,Potentilla,gracilis,4
7,9,2021,Cinnamon,5,POTGRA,Potentilla gracilis,Potentilla,gracilis,9
7,9,2021,Cinnamon,7,POTGRA,Potentilla gracilis,Potentilla,gracilis,2
7,9,2021,Cinnamon,8,POTGRA,Potentilla gracilis,Potentilla,gracilis,1
7,9,2021,Cinnamon,13,POTGRA,Potentilla gracilis,Potentilla,gracilis,5
7,9,2021,Cinnamon,14,POTGRA,Potentilla gracilis,Potentilla,gracilis,3
7,9,2021,Cinnamon,15,POTGRA,Potentilla gracilis,Potentilla,gracilis,1
7,9,2021,Cinnamon,22,POTGRA,Potentilla gracilis,Potentilla,gracilis,3
7,9,2021,Cinnamon,24,POTGRA,Potentilla gracilis,Potentilla,gracilis,2
7,9,2021,Cinnamon,28,POTGRA,Potentilla gracilis,Potentilla,gracilis,3
7,9,2021,Cinnamon,4,PSEMON,Pseudocymopterus montanus,Pseudocymopterus,montanus,1
7,9,2021,Cinnamon,6,PSEMON,Pseudocymopterus montanus,Pseudocymopterus,montanus,5
7,9,2021,Cinnamon,9,PSEMON,Pseudocymopterus montanus,Pseudocymopterus,montanus,4
7,9,2021,Cinnamon,11,PSEMON,Pseudocymopterus montanus,Pseudocymopterus,montanus,5
7,9,2021,Cinnamon,13,PSEMON,Pseudocymopterus montanus,Pseudocymopterus,montanus,1
7,9,2021,Cinnamon,14,PSEMON,Pseudocymopterus montanus,Pseudocymopterus,montanus,8
7,9,2021,Cinnamon,15,PSEMON,Pseudocymopterus montanus,Pseudocymopterus,montanus,3
7,9,2021,Cinnamon,20,PSEMON,Pseudocymopterus montanus,Pseudocymopterus,montanus,3
7,9,2021,Cinnamon,22,PSEMON,Pseudocymopterus montanus,Pseudocymopterus,montanus,3
7,9,2021,Cinnamon,28,PSEMON,Pseudocymopterus montanus,Pseudocymopterus,montanus,3
7,9,2021,Cinnamon,8,SENCRA,Senecio crassulus,Senecio,crassulus,7
7,9,2021,Cinnamon,9,SENCRA,Senecio crassulus,Senecio,crassulus,2
7,9,2021,Cinnamon,10,SENCRA,Senecio crassulus,Senecio,crassulus,2
7,9,2021,Cinnamon,11,SENCRA,Senecio crassulus,Senecio,crassulus,1
7,9,2021,Cinnamon,13,SENCRA,Senecio crassulus,Senecio,crassulus,1
7,9,2021,Cinnamon,14,SENCRA,Senecio crassulus,Senecio,crassulus,2
7,9,2021,Cinnamon,17,SENCRA,Senecio crassulus,Senecio,crassulus,4
7,9,2021,Cinnamon,21,SENCRA,Senecio crassulus,Senecio,crassulus,1
7,9,2021,Cinnamon,23,SENCRA,Senecio crassulus,Senecio,crassulus,3
7,9,2021,Cinnamon,24,SENCRA,Senecio crassulus,Senecio,crassulus,3
7,9,2021,Cinnamon,26,SENCRA,Senecio crassulus,Senecio,crassulus,4
7,9,2021,Cinnamon,27,SENCRA,Senecio crassulus,Senecio,crassulus,2
7,9,2021,Cinnamon,28,SENCRA,Senecio crassulus,Senecio,crassulus,4
7,9,2021,Cinnamon,18,SENE1C,Senecio spp.,Senecio,spp.,4
7,9,2021,Cinnamon,19,SENE1C,Senecio spp.,Senecio,spp.,1
7,9,2021,Cinnamon,20,SENE1C,Senecio spp.,Senecio,spp.,4
7,9,2021,Cinnamon,21,SENE1C,Senecio spp.,Senecio,spp.,2
7,9,2021,Cinnamon,22,SENE1C,Senecio spp.,Senecio,spp.,4
7,9,2021,Cinnamon,23,SENE1C,Senecio spp.,Senecio,spp.,5
7,9,2021,Cinnamon,25,SENE1C,Senecio spp.,Senecio,spp.,4
7,9,2021,Cinnamon,7,ANNUAL,NA,NA,NA,2
7,9,2021,Cinnamon,13,ANNUAL,NA,NA,NA,1
7,9,2021,Cinnamon,26,ANNUAL,NA,NA,NA,1
7,9,2021,Cinnamon,28,ANNUAL,NA,NA,NA,1
7,9,2021,Cinnamon,4,VERWOR,Veronica wormskjoldii,Veronica,wormskjoldii,2
7,9,2021,Cinnamon,11,VERWOR,Veronica wormskjoldii,Veronica,wormskjoldii,1
7,9,2021,Cinnamon,12,VERWOR,Veronica wormskjoldii,Veronica,wormskjoldii,5
7,9,2021,Cinnamon,13,VERWOR,Veronica wormskjoldii,Veronica,wormskjoldii,1
7,9,2021,Cinnamon,14,VERWOR,Veronica wormskjoldii,Veronica,wormskjoldii,4
7,9,2021,Cinnamon,27,VERWOR,Veronica wormskjoldii,Veronica,wormskjoldii,1
7,9,2021,Cinnamon,7,VIOADU,Viola adunca,Viola,adunca,4
7,9,2021,Cinnamon,10,VIOADU,Viola adunca,Viola,adunca,2
7,9,2021,Cinnamon,11,VIOADU,Viola adunca,Viola,adunca,3
7,9,2021,Cinnamon,12,VIOADU,Viola adunca,Viola,adunca,1
7,9,2021,Cinnamon,16,VIOADU,Viola adunca,Viola,adunca,1
7,9,2021,Cinnamon,19,VIOADU,Viola adunca,Viola,adunca,1
7,9,2021,Cinnamon,22,VIOADU,Viola adunca,Viola,adunca,1
7,9,2021,Cinnamon,26,VIOADU,Viola adunca,Viola,adunca,1
7,9,2021,Cinnamon,27,VIOADU,Viola adunca,Viola,adunca,1